"EMP_NO","BIRTH_DATE","FIRST_NAME","LAST_NAME","GENDER","HIRE_DATE","__HEVO__DATABASE_NAME","__HEVO__INGESTED_AT","__HEVO__LOADED_AT","__HEVO__MARKED_DELETED","__HEVO__SOURCE_MODIFIED_AT"
32293,"1960-08-13","Jayson","Gimarc","F","1985-02-02","employees",1773031439372,1773031526291,false,
26610,"1956-04-16","Lorien","Papsdorf","F","1988-05-01","employees",1773031439372,1773031526291,false,
70814,"1959-12-05","Baruch","Plesums","M","1986-10-13","employees",1773031439372,1773031526291,false,
65605,"1954-04-30","Howell","Matzen","M","1985-08-15","employees",1773031439372,1773031526291,false,
45276,"1959-07-03","Kousuke","Curless","M","1993-12-14","employees",1773031439372,1773031526291,false,
58540,"1964-09-14","Sadun","Shihab","M","1992-05-23","employees",1773031439372,1773031526291,false,
42084,"1961-07-02","Vitaly","Demri","M","1985-07-06","employees",1773031439372,1773031526291,false,
26099,"1964-01-23","Kerryn","Beerel","M","1991-09-23","employees",1773031439372,1773031526291,false,
26122,"1955-09-03","Jovan","Rebaine","F","1994-09-28","employees",1773031439372,1773031526291,false,
10026,"1953-04-03","Yongqiao","Berztiss","M","1995-03-20","employees",1773031439372,1773031526291,false,
44064,"1964-07-21","Elvia","Rosay","M","1988-10-01","employees",1773031439372,1773031526291,false,
22898,"1964-02-25","Masaki","Siprelle","M","1989-10-29","employees",1773031439372,1773031526291,false,
62691,"1955-04-17","Mabo","Compeau","M","1987-10-08","employees",1773031439372,1773031526291,false,
13874,"1957-09-02","Jiafu","Thebaut","F","1988-10-28","employees",1773031439372,1773031526291,false,
24616,"1964-02-21","Dmitry","Kawashimo","M","1986-10-06","employees",1773031439372,1773031526291,false,
33206,"1964-07-09","Zhiwei","Barreiro","F","1993-04-18","employees",1773031439372,1773031526291,false,
19524,"1962-01-21","Emran","Rosis","F","1995-12-01","employees",1773031439372,1773031526291,false,
36075,"1952-05-12","Achilleas","Herbst","M","1990-05-15","employees",1773031439372,1773031526291,false,
53203,"1952-02-10","Nectarios","Benner","M","1991-09-10","employees",1773031439372,1773031526291,false,
73469,"1960-12-24","Demin","Zedlitz","M","1992-05-07","employees",1773031439372,1773031526291,false,
